,state,evidence-based_reading_and_writing_2018,math_2018,total_2018,%_students_tested_sat_2018,%_students_tested_act_2018,average_composite_score_2018,average_english_score_2018,average_math_score_2018,average_reading_score_2018,average_science_score_2018
0,Alabama,595,571,1166,0.06,1.0,19.1,18.9,18.3,19.6,19.0
1,Alaska,562,544,1106,0.43,0.33,20.8,19.8,20.6,21.6,20.7
2,Arizona,577,572,1149,0.29,0.66,19.2,18.2,19.4,19.5,19.2
3,Arkansas,592,576,1169,0.05,1.0,19.4,19.1,18.9,19.7,19.4
4,California,540,536,1076,0.6,0.27,22.7,22.5,22.5,23.0,22.1
5,Colorado,519,506,1025,1.0,0.3,23.9,23.9,23.2,24.4,23.5
6,Connecticut,535,519,1053,1.0,0.26,25.6,26.0,24.8,26.1,24.9
7,Delaware,505,492,998,1.0,0.17,23.2,23.7,23.1,24.5,23.4
8,District of Columbia,497,480,977,0.92,0.32,23.6,23.7,22.7,24.4,23.0
9,Florida,522,493,1014,0.97,0.66,19.9,19.2,19.3,21.1,19.5
10,Georgia,542,522,1064,0.7,0.53,21.4,20.9,20.7,21.2,21.4
11,Hawaii,550,549,1099,0.56,0.89,18.9,18.2,19.0,19.1,19.0
12,Idaho,508,493,1001,1.0,0.36,22.3,21.9,21.6,23.2,22.1
13,Illinois,513,506,1019,0.99,0.43,23.9,24.1,23.4,24.2,23.4
14,Indiana,546,539,1086,0.67,0.32,22.5,21.9,22.3,23.1,22.2
15,Iowa,634,631,1265,0.03,0.68,21.8,21.0,21.2,22.5,22.0
16,Kansas,633,631,1265,0.04,0.71,21.6,21.0,21.1,22.3,21.5
17,Kentucky,630,618,1248,0.04,1.0,20.2,19.9,19.7,20.8,20.1
18,Louisiana,615,595,1210,0.04,1.0,19.2,19.0,18.5,19.6,19.1
19,Maine,512,501,1013,0.99,0.07,24.0,23.8,23.6,24.7,23.4
20,Maryland,545,535,1080,0.76,0.31,22.5,22.1,22.0,23.1,22.2
21,Massachusetts,562,563,1125,0.8,0.25,25.5,25.5,25.2,25.9,24.7
22,Michigan,511,499,1011,1.0,0.22,24.4,24.5,23.9,24.7,23.9
23,Minnesota,643,655,1298,0.04,0.99,21.3,20.2,21.4,21.7,21.4
24,Mississippi,630,606,1236,0.03,1.0,18.6,18.2,18.1,18.9,18.6
25,Missouri,633,629,1262,0.04,1.0,20.0,19.5,19.7,20.5,20.0
26,Montana,606,592,1198,0.1,1.0,20.0,18.7,19.9,20.7,20.0
27,Nebraska,629,623,1252,0.03,1.0,20.1,19.4,19.8,20.4,20.1
28,Nevada,574,566,1140,0.23,1.0,17.7,16.6,17.8,18.0,17.9
29,New Hampshire,535,528,1063,0.96,0.16,25.1,25.1,24.7,25.6,24.4
30,New Jersey,547,547,1094,0.82,0.31,23.7,23.8,23.6,24.0,23.0
31,New Mexico,552,540,1093,0.16,0.67,19.4,18.3,19.1,20.1,19.7
32,New York,534,534,1068,0.79,0.27,24.5,24.2,24.2,24.9,24.2
33,North Carolina,554,543,1098,0.52,1.0,19.1,18.0,19.3,19.5,19.2
34,North Dakota,640,643,1283,0.02,0.98,20.3,19.1,20.3,20.7,20.5
35,Ohio,552,547,1099,0.18,1.0,20.3,19.3,20.3,20.8,20.4
36,Oklahoma,541,521,1062,0.08,1.0,19.3,18.4,18.8,20.1,19.4
37,Oregon,564,553,1117,0.48,0.42,21.3,20.6,20.9,21.9,21.1
38,Pennsylvania,547,539,1086,0.7,0.2,23.5,23.3,23.2,24.0,23.1
39,Rhode Island,513,505,1018,0.97,0.15,24.2,24.4,23.6,25.0,23.5
40,South Carolina,547,523,1070,0.55,1.0,18.3,17.3,18.2,18.6,18.5
41,South Dakota,622,618,1241,0.03,0.77,21.9,20.8,21.6,22.4,22.2
42,Tennessee,624,607,1231,0.06,1.0,19.6,19.4,19.1,19.9,19.6
43,Texas,520,512,1032,0.66,0.41,20.6,19.6,20.6,21.1,20.8
44,Utah,618,612,1230,0.04,1.0,20.4,19.7,19.9,20.9,20.5
45,Vermont,565,554,1120,0.64,0.24,24.1,23.9,23.4,24.9,23.8
46,Virginia,567,550,1117,0.68,0.24,23.9,23.8,23.3,24.7,23.5
47,Washington,543,538,1081,0.69,0.24,22.2,21.4,22.2,22.7,22.0
48,West Virginia,513,486,999,0.28,0.65,20.3,19.8,19.4,21.3,20.4
49,Wisconsin,641,653,1294,0.03,1.0,20.5,19.8,20.3,20.6,20.8
50,Wyoming,633,625,1257,0.03,1.0,20.0,19.0,19.7,20.6,20.3
