,state,%_students_tested_sat_2017,evidence-based_reading_and_writing_2017,math_2017,total_2017,%_students_tested_act_2017,average_composite_score_2017,average_english_score_2017,average_math_score_2017,average_reading_score_2017,average_science_score_2017,evidence-based_reading_and_writing_2018,math_2018,total_2018,%_students_tested_sat_2018,%_students_tested_act_2018,average_composite_score_2018,average_english_score_2018,average_math_score_2018,average_reading_score_2018,average_science_score_2018
0,Alabama,0.05,593,572,1165,1.0,18.9,18.4,19.7,19.4,19.2,595,571,1166,0.06,1.0,19.1,18.9,18.3,19.6,19.0
1,Alaska,0.38,547,533,1080,0.65,18.7,19.8,20.4,19.9,19.8,562,544,1106,0.43,0.33,20.8,19.8,20.6,21.6,20.7
2,Arizona,0.3,563,553,1116,0.62,18.6,19.8,20.1,19.8,19.7,577,572,1149,0.29,0.66,19.2,18.2,19.4,19.5,19.2
3,Arkansas,0.03,614,594,1208,1.0,18.9,19.0,19.7,19.5,19.4,592,576,1169,0.05,1.0,19.4,19.1,18.9,19.7,19.4
4,California,0.53,531,524,1055,0.31,22.5,22.7,23.1,22.2,22.8,540,536,1076,0.6,0.27,22.7,22.5,22.5,23.0,22.1
5,Colorado,0.11,606,595,1201,1.0,20.1,20.3,21.2,20.9,20.8,519,506,1025,1.0,0.3,23.9,23.9,23.2,24.4,23.5
6,Connecticut,1.0,530,512,1041,0.31,25.5,24.6,25.6,24.6,25.2,535,519,1053,1.0,0.26,25.6,26.0,24.8,26.1,24.9
7,Delaware,1.0,503,492,996,0.18,24.1,23.4,24.8,23.6,24.1,505,492,998,1.0,0.17,23.2,23.7,23.1,24.5,23.4
8,District of Columbia,1.0,482,468,950,0.32,24.4,23.5,24.9,23.5,24.2,497,480,977,0.92,0.32,23.6,23.7,22.7,24.4,23.0
9,Florida,0.83,520,497,1017,0.73,19.0,19.4,21.0,19.4,19.8,522,493,1014,0.97,0.66,19.9,19.2,19.3,21.1,19.5
10,Georgia,0.61,535,515,1050,0.55,21.0,20.9,22.0,21.3,21.4,542,522,1064,0.7,0.53,21.4,20.9,20.7,21.2,21.4
11,Hawaii,0.55,544,541,1085,0.9,17.8,19.2,19.2,19.3,19.0,550,549,1099,0.56,0.89,18.9,18.2,19.0,19.1,19.0
12,Idaho,0.93,513,493,1005,0.38,21.9,21.8,23.0,22.1,22.3,508,493,1001,1.0,0.36,22.3,21.9,21.6,23.2,22.1
13,Illinois,0.09,559,556,1115,0.93,21.0,21.2,21.6,21.3,21.4,513,506,1019,0.99,0.43,23.9,24.1,23.4,24.2,23.4
14,Indiana,0.63,542,532,1074,0.35,22.0,22.4,23.2,22.3,22.6,546,539,1086,0.67,0.32,22.5,21.9,22.3,23.1,22.2
15,Iowa,0.02,641,635,1275,0.67,21.2,21.3,22.6,22.1,21.9,634,631,1265,0.03,0.68,21.8,21.0,21.2,22.5,22.0
16,Kansas,0.04,632,628,1260,0.73,21.1,21.3,22.3,21.7,21.7,633,631,1265,0.04,0.71,21.6,21.0,21.1,22.3,21.5
17,Kentucky,0.04,631,616,1247,1.0,19.6,19.4,20.5,20.1,20.0,630,618,1248,0.04,1.0,20.2,19.9,19.7,20.8,20.1
18,Louisiana,0.04,611,586,1198,1.0,19.4,18.8,19.8,19.6,19.5,615,595,1210,0.04,1.0,19.2,19.0,18.5,19.6,19.1
19,Maine,0.95,513,499,1012,0.08,24.2,24.0,24.8,23.7,24.3,512,501,1013,0.99,0.07,24.0,23.8,23.6,24.7,23.4
20,Maryland,0.69,536,524,1060,0.28,23.3,23.1,24.2,23.2,23.6,545,535,1080,0.76,0.31,22.5,22.1,22.0,23.1,22.2
21,Massachusetts,0.76,555,551,1107,0.29,25.4,25.3,25.9,24.7,25.4,562,563,1125,0.8,0.25,25.5,25.5,25.2,25.9,24.7
22,Michigan,1.0,509,495,1005,0.29,24.1,23.7,24.5,23.8,24.1,511,499,1011,1.0,0.22,24.4,24.5,23.9,24.7,23.9
23,Minnesota,0.03,644,651,1295,1.0,20.4,21.5,21.8,21.6,21.5,643,655,1298,0.04,0.99,21.3,20.2,21.4,21.7,21.4
24,Mississippi,0.02,634,607,1242,1.0,18.2,18.1,18.8,18.8,18.6,630,606,1236,0.03,1.0,18.6,18.2,18.1,18.9,18.6
25,Missouri,0.03,640,631,1271,1.0,19.8,19.9,20.8,20.5,20.4,633,629,1262,0.04,1.0,20.0,19.5,19.7,20.5,20.0
26,Montana,0.1,605,591,1196,1.0,19.0,20.2,21.0,20.5,20.3,606,592,1198,0.1,1.0,20.0,18.7,19.9,20.7,20.0
27,Nebraska,0.03,629,625,1253,0.84,20.9,20.9,21.9,21.5,21.4,629,623,1252,0.03,1.0,20.1,19.4,19.8,20.4,20.1
28,Nevada,0.26,563,553,1116,1.0,16.3,18.0,18.1,18.2,17.8,574,566,1140,0.23,1.0,17.7,16.6,17.8,18.0,17.9
29,New Hampshire,0.96,532,520,1052,0.18,25.4,25.1,26.0,24.9,25.5,535,528,1063,0.96,0.16,25.1,25.1,24.7,25.6,24.4
30,New Jersey,0.7,530,526,1056,0.34,23.8,23.8,24.1,23.2,23.9,547,547,1094,0.82,0.31,23.7,23.8,23.6,24.0,23.0
31,New Mexico,0.11,577,561,1138,0.66,18.6,19.4,20.4,20.0,19.7,552,540,1093,0.16,0.67,19.4,18.3,19.1,20.1,19.7
32,New York,0.67,528,523,1052,0.31,23.8,24.0,24.6,23.9,24.2,534,534,1068,0.79,0.27,24.5,24.2,24.2,24.9,24.2
33,North Carolina,0.49,546,535,1081,1.0,17.8,19.3,19.6,19.3,19.1,554,543,1098,0.52,1.0,19.1,18.0,19.3,19.5,19.2
34,North Dakota,0.02,635,621,1256,0.98,19.0,20.4,20.5,20.6,20.3,640,643,1283,0.02,0.98,20.3,19.1,20.3,20.7,20.5
35,Ohio,0.12,578,570,1149,0.75,21.2,21.6,22.5,22.0,22.0,552,547,1099,0.18,1.0,20.3,19.3,20.3,20.8,20.4
36,Oklahoma,0.07,530,517,1047,1.0,18.5,18.8,20.1,19.6,19.4,541,521,1062,0.08,1.0,19.3,18.4,18.8,20.1,19.4
37,Oregon,0.43,560,548,1108,0.4,21.2,21.5,22.4,21.7,21.8,564,553,1117,0.48,0.42,21.3,20.6,20.9,21.9,21.1
38,Pennsylvania,0.65,540,531,1071,0.23,23.4,23.4,24.2,23.3,23.7,547,539,1086,0.7,0.2,23.5,23.3,23.2,24.0,23.1
39,Rhode Island,0.71,539,524,1062,0.21,24.0,23.3,24.7,23.4,24.0,513,505,1018,0.97,0.15,24.2,24.4,23.6,25.0,23.5
40,South Carolina,0.5,543,521,1064,1.0,17.5,18.6,19.1,18.9,18.7,547,523,1070,0.55,1.0,18.3,17.3,18.2,18.6,18.5
41,South Dakota,0.03,612,603,1216,0.8,20.7,21.5,22.3,22.0,21.8,622,618,1241,0.03,0.77,21.9,20.8,21.6,22.4,22.2
42,Tennessee,0.05,623,604,1228,1.0,19.5,19.2,20.1,19.9,19.8,624,607,1231,0.06,1.0,19.6,19.4,19.1,19.9,19.6
43,Texas,0.62,513,507,1020,0.45,19.5,20.7,21.1,20.9,20.7,520,512,1032,0.66,0.41,20.6,19.6,20.6,21.1,20.8
44,Utah,0.03,624,614,1238,1.0,19.5,19.9,20.8,20.6,20.3,618,612,1230,0.04,1.0,20.4,19.7,19.9,20.9,20.5
45,Vermont,0.6,562,551,1114,0.29,23.3,23.1,24.4,23.2,23.6,565,554,1120,0.64,0.24,24.1,23.9,23.4,24.9,23.8
46,Virginia,0.65,561,541,1102,0.29,23.5,23.3,24.6,23.5,23.8,567,550,1117,0.68,0.24,23.9,23.8,23.3,24.7,23.5
47,Washington,0.64,541,534,1075,0.29,20.9,21.9,22.1,22.0,21.9,543,538,1081,0.69,0.24,22.2,21.4,22.2,22.7,22.0
48,West Virginia,0.14,558,528,1086,0.69,20.0,19.4,21.2,20.5,20.4,513,486,999,0.28,0.65,20.3,19.8,19.4,21.3,20.4
49,Wisconsin,0.03,642,649,1291,1.0,19.7,20.4,20.6,20.9,20.5,641,653,1294,0.03,1.0,20.5,19.8,20.3,20.6,20.8
50,Wyoming,0.03,626,604,1230,1.0,19.4,19.8,20.8,20.6,20.2,633,625,1257,0.03,1.0,20.0,19.0,19.7,20.6,20.3
